Organization type,Size of IT department,Customer organization type,Estimated  duration,Development type,Application domain,Object points,Estimated effort,Contract maturity,Government policy impact,Organization management structure clarity,Developer hiring policy,Developer incentives policy ,Developer training,Development team management,Top management support,Top management opinion of previous system,User resistance,User computer experience, Users stability , Requirements flexibility ,Project manager experience,Consultant availability,DBMS  expert availability,Precedentedness,Software tool experience,Programmers experience in programming language,Programmers capability ,Analysts capability ,Team selection,Team size,Daily working hours,Team contracts,Team cohesion,Schedule quality,Development environment adequacy,Tool availability ,Methodology,Programming language used,DBMS used,Technical stability,Open source software,Degree of software reuse ,Degree of risk management,Use of standards, Process reengineering ,Requirement accuracy level,Technical documentation,User manual,Required reusability,Performance requirements,Product complexity,Security requirements,Reliability requirements,Specified H/W,Effort
-4.0,0.71428573,0.3,-0.75,0.0,0.4,0.016366612,-0.13807982,2.6666667,0.0,1.0,-0.33333334,0.6666667,0.0,0.0,0.0,0.0,-0.75,0.0,0.0,1.0,1.0,0.0,-1.0,-0.6666667,0.0,0.0,0.0,0.0,0.0,0.33333334,0.0,0.0,-1.0,1.0,0.0,-0.33333334,0.0,-2.0,-1.0,0.0,1.0,0.5,0.0,0.0,0.505618,1.5,-1.3333334,-1.0,0.0,0.0,0.0,0.0,0.4,0.0,3168.0
0.0,-0.14285715,-0.8,-0.75,0.0,-0.4,-0.2487725,-0.34519956,0.0,0.0,0.0,0.0,0.0,0.0,0.85714287,0.0,0.0,0.0,0.0,0.0,1.0,0.0,0.0,-1.0,-0.6666667,1.5,0.0,0.0,1.0,0.0,-0.6666667,0.0,0.0,3.0,1.0,0.0,0.0,-0.5,-0.6666667,-1.0,0.0,1.0,0.5,0.0,0.0,3.5056183,0.5,-0.6666667,-1.0,-0.5,0.0,-1.0,2.0,0.0,0.0,1584.0
0.0,0.0,-0.7,-0.5,0.0,-0.4,-0.101472996,0.06903991,0.0,1.0,2.0,0.6666667,0.0,0.0,0.5714286,-3.0,-1.0,-0.5,0.0,0.0,0.0,1.0,-1.0,0.0,0.6666667,-0.5,-0.5,0.0,1.0,-1.0,0.33333334,0.0,0.0,2.0,0.0,0.0,0.0,0.5,-1.3333334,-1.0,0.0,0.0,0.5,-1.0,0.0,0.0,1.0,-0.6666667,-0.6666667,1.0,3.0,1.0,3.0,0.0,2.0,5280.0
-1.0,0.0,-0.6,0.25,0.0,0.4,0.4942717,0.4832794,-1.3333334,0.0,0.0,-0.33333334,-0.6666667,0.0,0.85714287,0.0,0.0,0.75,0.0,1.1647941,-0.3333333,0.0,-2.0,0.0,0.6666667,-0.5,-0.5,2.0,3.0,-1.0,0.33333334,0.0,1.0,-2.0,0.0,0.0,-1.3333334,0.0,-1.0,0.0,1.0,0.0,-0.5,-2.0,-1.0,0.0,0.0,-1.3333334,0.0,1.0,1.0,2.0,1.0,0.8,1.0,5280.0
-1.0,0.0,-0.6,1.75,0.0,0.4,1.0638298,3.175836,-0.6666667,0.0,0.0,0.0,-1.0,0.0,-0.5714286,0.0,0.0,0.25,0.0,0.0,-0.3333333,0.0,-1.0,0.0,0.6666667,0.0,-0.5,2.0,3.0,0.0,1.3333334,0.0,0.0,-1.0,0.0,0.0,-1.3333334,0.0,5.6666665,0.0,0.0,0.0,-0.5,-2.0,0.0,-0.49438217,0.0,-1.3333334,0.0,1.0,3.0,1.0,1.0,0.8,1.0,38016.0
-1.0,0.0,-0.6,0.25,6.0,0.4,0.26841244,0.8975189,-0.6666667,0.0,0.0,0.0,-1.0,0.0,-0.5714286,0.0,-1.0,-0.75,1.0,1.0,-0.3333333,0.0,0.0,0.0,0.6666667,-0.5,-0.5,2.0,3.0,0.0,0.6666667,0.0,0.0,-2.0,0.0,0.0,-1.3333334,0.0,-1.0,1.0,0.0,0.0,-0.5,-2.0,0.0,-0.49438217,0.0,-1.3333334,0.0,1.0,3.0,1.0,1.0,0.8,1.0,9856.0
-1.0,-0.14285715,-0.6,0.25,0.0,0.4,-0.13420622,0.4832794,-0.6666667,0.0,0.0,0.0,-0.6666667,-1.0,-0.5714286,0.0,-1.0,1.0,-1.0,1.1647941,-0.3333333,1.0,-2.0,0.0,0.6666667,0.0,0.0,2.0,3.0,0.0,0.0,0.0,1.0,-2.0,0.0,0.0,-1.3333334,0.0,-0.33333334,1.0,0.0,0.0,0.5,-2.0,0.0,-0.49438217,0.0,-1.3333334,0.0,1.0,3.0,2.0,1.0,0.8,1.0,7920.0
-1.0,0.0,-0.6,-0.25,0.0,0.4,-0.07855974,0.3106796,-0.6666667,1.0,0.0,0.0,-0.6666667,-1.0,-0.2857143,0.0,-1.0,1.5,0.0,0.0,-0.3333333,1.0,-1.0,-1.0,0.6666667,-0.5,-0.5,2.0,3.0,0.0,0.0,2.0,0.0,-2.0,0.0,0.0,-1.3333334,0.5,6.0,1.0,2.0,0.0,-1.0,-2.0,0.0,-0.49438217,0.0,-1.3333334,-0.6666667,1.0,3.0,2.0,2.0,0.8,1.0,4400.0
-1.0,-0.14285715,-0.6,0.25,0.0,-0.4,-0.2651391,0.27615964,-0.6666667,1.0,0.0,0.0,-1.0,0.0,-0.5714286,0.0,-1.0,-0.25,0.0,0.0,0.0,0.0,-2.0,0.0,0.0,-0.5,-0.5,2.0,3.0,0.0,-0.33333334,0.0,0.0,-2.0,0.0,0.0,0.0,0.0,-1.6666666,1.0,0.0,0.0,-0.5,-2.0,0.0,0.0,0.0,-1.3333334,0.0,0.0,3.0,2.0,1.0,0.8,1.0,4224.0
0.0,-0.14285715,0.4,1.75,0.0,-0.6,0.7855974,0.7162891,0.0,1.0,0.0,0.33333334,-0.6666667,-2.0,0.5714286,1.0,0.0,1.25,-1.0,1.0,1.0,0.0,0.0,0.0,-0.6666667,0.5,0.5,-1.0,0.0,0.0,-0.33333334,-1.0,0.0,-2.0,2.0,0.0,0.0,0.5,-1.0,0.0,0.0,0.0,0.5,0.0,0.0,0.0,1.0,0.6666667,0.0,1.0,0.0,-1.0,0.0,0.0,1.0,24255.0
-1.0,0.14285715,-0.7,1.0,0.0,-0.8,1.8166939,1.1952535,-0.6666667,-1.0,0.0,0.33333334,0.0,0.0,0.0,-1.0,-1.0,-1.25,-1.0,0.8314608,0.0,0.0,-1.0,0.0,0.6666667,0.0,-0.5,-1.0,0.0,0.0,0.6666667,1.0,0.0,-2.0,1.0,0.0,0.0,0.5,0.0,0.0,0.0,0.0,0.5,0.0,0.0,-0.49438217,0.0,0.6666667,0.0,1.0,0.0,-1.0,1.0,0.0,2.0,35640.0
0.0,0.0,-0.8,0.25,0.0,0.0,-0.19312602,0.4832794,0.6666667,-1.0,2.0,0.6666667,-0.33333334,-1.0,0.0,1.0,-1.0,-0.5,0.0,1.0,-0.1685393,0.0,0.0,0.0,0.0,1.0,0.0,-1.0,0.0,0.0,-0.33333334,2.0,1.0,-2.0,0.0,0.0,0.0,-0.5,0.33333334,1.0,1.0,0.0,0.5,0.0,0.0,3.0000005,0.0,-1.3333334,-1.0,1.0,0.0,-1.0,0.0,0.0,0.0,7920.0
0.0,-0.14285715,-0.5,-0.75,0.0,-0.6,-0.21276596,-0.37971953,0.6666667,1.0,0.0,0.6666667,0.33333334,0.0,0.5714286,1.0,0.0,1.25,0.0,1.1647941,-0.1685393,0.0,0.0,0.0,-0.6666667,-0.5,-0.5,-1.0,0.0,-2.0,-0.6666667,0.0,1.0,-2.0,1.0,0.0,0.0,0.0,0.0,0.0,0.0,0.0,0.0,0.0,0.0,0.0,1.5,-0.6666667,-0.6666667,0.0,1.0,-1.0,0.0,-0.4,0.0,1760.0
0.0,-0.14285715,-0.4,-0.5,0.0,-0.6,1.0278232,-0.18985976,0.0,1.0,0.0,0.6666667,0.33333334,-1.0,0.5714286,-1.0,0.0,-0.5,-1.0,0.0,-0.1685393,0.0,0.0,0.0,-1.3333334,-0.5,0.0,-1.0,0.0,-2.0,0.0,0.0,3.0,-1.0,0.0,0.0,0.0,2.0,0.0,0.0,0.0,0.0,0.0,0.0,0.0,0.0,0.0,0.0,-0.6666667,0.0,1.0,0.0,0.0,-0.4,0.0,3080.0
0.0,-0.14285715,-0.3,-0.5,0.0,0.4,-0.21276596,-0.2416397,0.0,1.0,0.0,0.6666667,0.33333334,-2.0,0.5714286,0.0,0.0,-0.5,0.0,0.0,0.0,0.0,0.0,0.0,-0.6666667,0.0,-0.5,-1.0,0.0,0.0,-0.33333334,0.0,2.0,-2.0,0.0,0.0,0.0,2.0,0.0,0.0,0.0,0.0,0.0,0.0,0.0,0.0,0.0,-1.3333334,-1.0,0.0,0.0,-1.0,0.0,-0.4,0.0,2112.0
0.0,-0.14285715,-0.2,-0.625,0.0,-0.6,0.22258593,-0.29341963,0.0,1.0,0.0,0.6666667,0.33333334,0.0,0.5714286,0.0,-1.0,1.5,-1.0,0.0,1.0,0.0,0.0,0.0,-0.6666667,0.0,-0.5,-1.0,0.0,-2.0,-0.33333334,0.0,2.0,-1.0,0.0,0.0,0.0,0.0,0.0,0.0,0.0,0.0,-0.5,0.0,0.0,0.505618,1.5,-1.3333334,-1.0,0.0,0.0,0.0,0.0,-0.4,0.0,2640.0
0.0,-0.14285715,-0.4,-0.75,2.0,-0.6,-0.01309329,-0.37971953,0.6666667,-1.0,0.0,0.6666667,0.33333334,0.0,1.7142857,0.0,-1.0,-0.25,-1.0,0.0,0.0,0.0,0.0,0.0,-1.3333334,0.0,-0.5,-1.0,0.0,0.0,-0.33333334,0.0,2.0,1.0,1.0,0.0,0.0,2.0,0.0,0.0,0.0,0.0,-0.5,0.0,0.0,3.0000005,0.0,0.0,-1.0,0.0,0.0,0.0,0.0,-0.4,0.0,1760.0
0.0,-0.14285715,-0.8,-1.0,4.0,0.0,-0.11456628,-0.50053936,0.6666667,-1.0,0.0,0.6666667,0.33333334,0.0,0.5714286,1.0,-1.0,-0.5,-1.0,0.0,-0.3333333,0.0,0.0,0.0,-1.3333334,0.0,-0.5,-1.0,0.0,-2.0,-1.0,0.0,2.0,-2.0,0.0,0.0,0.0,2.0,0.0,0.0,0.0,0.0,-0.5,0.0,0.0,3.0000005,0.0,0.0,-1.0,0.0,0.0,-1.0,0.0,-0.4,0.0,396.0
0.0,-0.14285715,-0.1,-0.125,0.0,-0.6,0.9067103,-0.008629989,0.0,-1.0,0.0,0.6666667,0.0,0.0,1.4285715,0.0,0.0,0.75,0.0,0.0,1.0,0.0,0.0,0.0,0.0,0.0,-0.5,-1.0,0.0,0.0,0.6666667,0.0,3.0,0.0,0.0,0.0,0.0,2.0,0.0,0.0,0.0,0.0,0.0,0.0,0.0,0.0,1.5,0.0,-0.6666667,0.0,0.0,0.0,0.0,-0.4,0.0,5544.0
0.0,-0.14285715,0.0,-0.25,0.0,-0.6,0.25204584,-0.4142395,0.6666667,1.0,1.0,-0.33333334,0.0,-2.0,0.5714286,-1.0,-1.0,0.5,-1.0,1.1647941,0.0,0.0,0.0,0.0,0.6666667,0.5,0.5,-1.0,1.0,-2.0,-1.0,0.0,0.0,0.0,2.0,0.0,0.0,0.5,0.0,0.0,0.0,0.0,-1.0,0.0,0.0,-0.49438217,0.0,-1.3333334,0.0,1.0,0.0,-1.0,3.0,0.4,1.0,1232.0
0.0,0.5714286,-0.6,0.25,6.0,-0.6,3.289689,9.389428,0.0,1.0,0.0,-0.33333334,-0.6666667,-2.0,0.0,0.0,0.0,1.0,1.0,1.0,1.0,0.0,-1.0,0.0,0.0,0.5,0.5,-1.0,0.0,0.0,14.333333,0.0,0.0,1.0,2.0,0.0,-0.33333334,0.0,0.6666667,3.0,0.0,1.0,0.5,0.0,0.0,0.505618,0.0,0.0,-0.6666667,0.0,0.0,0.0,0.0,0.8,1.0,76032.0
0.0,0.0,-0.7,-0.25,0.0,-0.8,0.83469725,0.6903991,-2.0,-1.0,0.0,-0.33333334,-1.0,-1.0,-0.2857143,0.0,-1.0,-0.5,0.0,1.0,0.0,0.0,-1.0,0.0,0.0,1.5,-0.5,-1.0,0.0,0.0,0.33333334,4.0,1.0,-1.0,3.0,0.0,-0.33333334,0.5,0.33333334,0.0,0.0,0.0,0.0,0.0,-1.0,0.0,0.0,0.6666667,0.0,1.0,0.0,0.0,3.0,0.8,1.0,9504.0
-3.0,0.0,0.3,-0.5,0.0,0.2,-0.14729951,-0.2416397,2.6666667,-2.0,0.0,-0.33333334,0.0,0.0,-0.5714286,0.0,0.0,-0.25,-1.0,0.0,0.49812734,0.0,0.0,0.0,-0.6666667,-0.5,0.0,-1.0,0.0,0.0,-0.6666667,0.0,0.0,0.0,1.0,0.0,0.0,-0.5,-2.0,-1.0,0.0,1.0,0.5,0.0,0.0,0.0,0.0,0.0,0.0,0.0,1.0,0.0,0.0,0.0,0.0,2640.0
0.0,0.0,-0.7,-0.25,0.0,-0.8,0.83469725,0.6903991,-2.0,-1.0,0.0,0.0,-0.6666667,-1.0,-0.2857143,0.0,-1.0,0.5,0.0,1.0,0.0,0.0,-1.0,0.0,0.0,-0.5,-0.5,-1.0,0.0,0.0,0.33333334,4.0,0.0,0.0,0.0,0.0,-0.33333334,0.5,0.33333334,0.0,0.0,0.0,-0.5,0.0,0.0,0.0,0.0,0.6666667,0.0,1.0,0.0,-1.0,3.0,0.8,1.0,6336.0
0.0,0.0,0.0,1.75,0.0,0.4,-0.14729951,0.6903991,-0.6666667,-1.0,1.0,-0.33333334,0.0,0.0,0.2857143,-3.0,-1.0,0.25,-1.0,0.6666667,0.8314608,1.0,0.0,0.0,-0.6666667,-0.5,-0.5,-1.0,0.0,0.0,0.33333334,-2.0,0.0,5.0,1.0,1.0,0.0,1.0,0.0,0.0,0.0,0.0,-0.5,0.0,0.0,0.0,0.5,-0.6666667,-0.6666667,0.0,0.0,-1.0,1.0,0.8,0.0,13200.0
-1.0,1.2857143,0.7,-1.0,6.0,-0.6,-0.049099836,-0.50053936,0.0,-1.0,1.0,-0.33333334,-0.33333334,-1.0,-0.2857143,-3.0,0.0,0.0,-1.0,0.0,0.0,0.0,-1.0,0.0,-1.3333334,-0.5,-0.5,-1.0,0.0,0.0,-1.0,0.0,0.0,-1.0,0.0,0.0,-1.0,-0.5,0.6666667,3.0,0.0,1.0,-0.5,-1.0,-1.0,0.0,0.0,-0.6666667,0.0,0.5,0.0,0.0,2.0,0.8,2.0,792.0
0.0,-0.14285715,0.1,-0.5,0.0,-0.6,0.34369886,-0.3257821,0.6666667,1.0,0.0,0.33333334,0.0,-1.0,0.2857143,0.0,0.0,0.0,-1.0,0.0,0.0,1.0,0.0,-1.0,-0.6666667,0.0,0.0,-1.0,0.0,0.0,-0.33333334,-1.0,0.0,-2.0,0.0,0.0,0.0,0.5,0.0,0.0,0.0,0.0,0.5,-1.0,0.0,0.0,0.0,0.6666667,0.0,1.0,0.0,-1.0,1.0,-0.4,1.0,1155.0
0.0,-0.14285715,0.0,0.0,4.0,-0.6,0.44189852,-0.33656958,0.6666667,1.0,0.0,0.0,-0.33333334,-2.0,-0.2857143,0.0,0.0,-0.25,0.0,0.0,1.0,0.0,0.0,0.0,-0.6666667,0.5,0.0,-1.0,0.0,-1.0,-1.0,-3.0,0.0,-1.0,0.0,0.0,0.0,0.5,0.0,0.0,0.0,0.0,0.5,-2.0,0.0,1.0,0.0,0.6666667,0.0,1.0,0.0,-1.0,0.0,-0.4,0.0,1100.0
0.0,-0.14285715,0.0,0.0,2.0,-0.6,0.4091653,-0.33656958,0.6666667,0.0,1.0,0.33333334,0.0,0.0,0.5714286,0.0,0.0,-0.75,-1.0,1.0,0.0,0.0,0.0,0.0,0.0,-0.5,-0.5,-1.0,0.0,-1.0,-1.0,2.0,0.0,-1.0,1.0,0.0,0.0,0.5,0.0,0.0,0.0,0.0,0.0,0.0,0.0,0.0,0.5,0.0,-1.0,1.0,0.0,-1.0,1.0,0.0,1.0,5280.0
0.0,0.0,-0.8,3.75,0.0,0.0,-0.08183306,0.4832794,-0.6666667,-1.0,2.0,0.0,0.0,-2.0,-0.5714286,0.0,-1.0,0.0,-1.0,0.0,-0.1685393,0.0,-1.0,0.0,0.6666667,1.5,-0.5,-1.0,0.0,0.0,-1.0,0.0,0.0,0.0,0.0,0.0,0.0,-0.5,0.33333334,1.0,0.0,0.0,-0.5,0.0,0.0,0.0,0.0,0.0,-0.6666667,1.0,0.0,2.0,0.0,0.8,1.0,5808.0
0.0,0.0,-0.8,-0.5,0.0,0.0,-0.18003273,-0.45523193,0.0,-1.0,1.0,0.0,-0.33333334,0.0,-0.2857143,1.0,-1.0,-0.75,-1.0,0.0,-0.1685393,1.0,-1.0,-1.0,0.0,0.5,1.0,0.0,0.0,0.0,-1.0,-3.0,2.0,0.0,2.0,1.0,0.0,-0.5,0.33333334,1.0,0.0,0.0,-0.5,-2.0,0.0,3.0000005,1.0,0.0,-0.6666667,1.0,1.0,0.0,0.0,0.4,0.0,1155.0
0.0,0.0,0.0,0.5,0.0,0.4,-0.10801964,-0.43149945,0.0,-1.0,0.0,0.0,-0.33333334,0.0,-0.2857143,0.0,0.0,1.5,-1.0,1.0,1.164794,1.0,-1.0,0.0,0.6666667,-0.5,0.0,0.0,0.0,0.0,-1.3333334,0.0,0.0,0.0,1.0,0.0,0.0,0.5,0.33333334,1.0,2.0,0.0,-0.5,0.0,0.0,3.0000005,0.5,-0.6666667,-0.6666667,-0.5,1.0,1.0,0.0,-0.4,0.0,1584.0
0.0,0.0,-0.8,0.5,6.0,-0.6,1.3617021,1.2599784,-2.0,-1.0,2.0,0.6666667,-0.33333334,-2.0,0.0,0.0,-1.0,2.0,0.0,1.1647941,0.6666667,1.0,-2.0,-1.0,-1.3333334,0.5,1.0,0.0,2.0,-1.0,1.6666666,0.0,4.0,5.0,0.0,3.0,-0.33333334,-0.5,0.6666667,3.0,0.0,1.0,-1.0,0.0,0.0,3.0000005,1.5,-1.3333334,-0.6666667,1.5,1.0,0.0,0.0,-0.4,1.0,29040.0
0.0,0.0,0.4,-0.25,0.0,0.0,-0.062193125,-0.13807982,0.0,0.0,0.0,0.6666667,0.33333334,-1.0,0.0,0.0,-1.0,1.0,1.0,0.8314608,-0.1685393,0.0,-2.0,-1.0,-0.6666667,0.0,0.0,0.0,0.0,0.0,-0.6666667,0.0,0.0,1.0,1.0,0.0,0.0,-0.5,-1.3333334,0.0,1.0,1.0,0.0,0.0,0.0,0.0,0.0,-0.6666667,-0.6666667,1.0,1.0,-1.0,0.0,0.8,0.0,6336.0
2.0,1.4285715,0.0,0.25,0.0,-0.4,-0.28805238,-0.2416397,1.3333334,0.0,2.0,0.6666667,0.6666667,0.0,2.0,0.0,0.0,0.25,1.0,0.8314608,0.0,2.0,0.0,-1.0,0.6666667,1.5,1.5,2.0,2.0,0.0,-0.6666667,-4.0,0.0,2.0,1.0,1.0,-0.33333334,-0.5,-1.6666666,1.0,0.0,1.0,0.5,0.0,0.0,1.0,0.0,-1.3333334,-1.0,1.0,0.0,2.0,0.0,0.8,0.0,3168.0
0.0,-0.14285715,-0.7,-0.25,4.0,0.4,-0.11456628,-0.34519956,2.6666667,0.0,0.0,-0.33333334,0.6666667,0.0,-0.5714286,1.0,-1.0,0.0,-1.0,0.0,-0.1685393,0.0,0.0,-1.0,-0.6666667,1.5,-0.5,0.0,1.0,0.0,-1.0,0.0,0.0,-1.0,0.0,0.0,0.0,1.0,-0.33333334,-1.0,0.0,1.0,0.0,-2.0,-2.0,3.0000005,0.0,-1.3333334,-1.0,1.0,0.0,1.0,2.0,0.8,2.0,1056.0
-1.0,1.2857143,0.0,1.75,4.0,-0.6,1.4238952,4.4185543,0.0,-1.0,0.0,-0.33333334,-0.6666667,-2.0,-0.5714286,0.0,0.0,-0.25,-1.0,0.0,-0.1685393,0.0,0.0,0.0,-0.6666667,0.5,0.5,-1.0,0.0,-1.0,2.3333333,0.0,0.0,0.0,0.0,0.0,-1.0,0.5,0.6666667,3.0,0.0,1.0,-0.5,-2.0,-1.0,1.0,0.0,0.0,0.0,0.0,2.0,0.0,1.0,0.8,1.0,38016.0
-1.0,1.2857143,0.0,0.25,4.0,-0.6,0.83469725,1.2081985,0.0,-1.0,0.0,-0.33333334,-1.3333334,0.0,-0.5714286,0.0,-1.0,-0.25,0.0,0.0,-0.1685393,0.0,-1.0,0.0,0.6666667,0.0,0.0,-1.0,0.0,-1.0,1.3333334,0.0,0.0,0.0,0.0,0.0,-1.0,0.0,0.6666667,3.0,0.0,1.0,-0.5,-2.0,-1.0,0.0,0.0,0.6666667,0.0,0.0,1.0,0.0,1.0,0.0,1.0,8976.0
-1.0,1.2857143,0.0,0.25,0.0,-0.6,0.9328969,1.5188781,0.0,-1.0,0.0,-0.33333334,-0.6666667,-2.0,-0.5714286,0.0,-1.0,-0.25,-1.0,1.0,-0.1685393,0.0,-1.0,0.0,-1.3333334,0.0,0.5,-1.0,0.0,-1.0,1.6666666,0.0,0.0,0.0,0.0,0.0,-1.0,0.5,0.6666667,3.0,0.0,1.0,-0.5,-2.0,-1.0,0.0,0.0,-0.6666667,0.0,0.0,2.0,0.0,1.0,0.0,0.0,21120.0
-3.0,-0.14285715,0.3,-0.75,0.0,0.4,-0.08183306,-0.34519956,1.3333334,-1.0,2.0,0.0,0.33333334,-2.0,0.5714286,0.0,-1.0,-0.5,0.0,0.0,-0.1685393,1.0,0.0,0.0,0.0,-0.5,-0.5,-1.0,0.0,0.0,-0.6666667,0.0,0.0,0.0,3.0,0.0,0.0,-0.5,0.0,0.0,0.0,0.0,0.5,0.0,0.0,3.0000005,0.0,-0.6666667,-0.6666667,0.5,1.0,2.0,0.0,-0.4,0.0,12672.0
-3.0,0.2857143,0.3,1.75,0.0,0.4,-0.21276596,0.4832794,0.0,1.0,0.0,0.33333334,0.0,-2.0,-0.2857143,0.0,0.0,0.5,-1.0,1.1647941,-0.3333333,0.0,0.0,-1.0,0.0,0.0,-0.5,2.0,3.0,0.0,0.0,0.0,0.0,1.0,2.0,0.0,0.0,-0.5,0.33333334,0.0,3.0,0.0,0.5,0.0,0.0,-0.49438217,0.5,-0.6666667,-1.0,-0.5,2.0,1.0,0.0,0.8,1.0,15840.0
0.0,-0.14285715,-0.7,-0.5,0.0,-0.8,0.83469725,0.37971953,-2.0,-1.0,0.0,-0.33333334,-1.0,-1.0,-0.2857143,0.0,-1.0,0.75,-1.0,1.0,-0.1685393,0.0,-1.0,0.0,0.0,0.0,0.0,-1.0,0.0,0.0,0.33333334,4.0,0.0,0.0,3.0,0.0,-0.33333334,0.5,0.33333334,0.0,0.0,0.0,-0.5,0.0,-1.0,0.0,0.0,0.6666667,0.0,1.0,0.0,0.0,3.0,0.8,1.0,7920.0
0.0,-0.14285715,0.0,0.25,0.0,-0.6,1.106383,-0.34519956,-0.6666667,0.0,1.0,-0.33333334,0.6666667,0.0,-0.5714286,1.0,0.0,0.0,0.0,1.0,-0.1685393,0.0,0.0,-1.0,0.6666667,0.5,0.5,0.0,2.0,0.0,-1.0,0.0,0.0,3.0,1.0,0.0,0.0,0.0,0.6666667,-1.0,0.0,1.0,-0.5,0.0,0.0,0.0,1.5,0.0,-1.0,0.0,0.0,0.0,0.0,0.8,1.0,1232.0
0.0,-0.14285715,-0.9,0.5,0.0,-0.4,-0.21276596,0.051779937,2.6666667,0.0,2.0,-0.33333334,0.33333334,0.0,0.5714286,-2.0,0.0,0.5,1.0,0.0,-0.1685393,2.0,-1.0,-1.0,0.6666667,1.5,1.5,-1.0,1.0,0.0,-0.33333334,-3.0,4.0,0.0,0.0,0.0,0.0,1.0,-0.33333334,-1.0,0.0,0.0,0.5,-1.0,0.0,0.0,1.0,0.6666667,-1.0,-0.5,0.0,-1.0,-1.0,-0.4,0.0,3080.0
0.0,0.0,0.0,-0.5,4.0,0.4,0.11456628,-0.2286947,0.6666667,1.0,0.0,-0.33333334,0.6666667,0.0,-0.5714286,0.0,0.0,-0.25,-1.0,0.8314608,0.6666667,0.0,-2.0,-1.0,0.6666667,0.0,-0.5,0.0,0.0,-1.0,0.0,-3.0,0.0,0.0,2.0,0.0,0.0,0.5,-1.3333334,0.0,0.0,0.0,0.5,0.0,0.0,0.0,1.5,0.0,-1.0,1.0,2.0,2.0,0.0,0.0,0.0,3300.0
-1.0,1.2857143,0.0,0.25,0.0,0.2,-0.2618658,0.35382956,0.6666667,0.0,1.0,-0.33333334,0.0,0.0,-0.2857143,1.0,-1.0,1.25,-1.0,0.0,1.0,1.0,0.0,-1.0,0.0,0.5,0.5,2.0,1.0,0.0,0.0,-1.0,0.0,3.0,2.0,0.0,-1.3333334,0.5,-0.33333334,-1.0,0.0,0.0,0.5,0.0,0.0,0.0,1.5,-1.3333334,-1.0,1.0,1.0,-1.0,1.0,0.4,0.0,9240.0
-1.0,1.2857143,-0.5,0.25,0.0,0.4,-0.14402619,1.622438,-1.3333334,0.0,0.0,-0.33333334,-0.6666667,0.0,-0.2857143,-1.0,0.0,1.5,-1.0,1.1647941,1.0,1.0,-1.0,-1.0,0.0,0.0,-0.5,0.0,0.0,-1.0,2.3333333,-1.0,0.0,1.0,0.0,1.0,-1.3333334,0.0,-0.33333334,-1.0,0.0,0.0,-0.5,-1.0,0.0,0.0,1.5,-1.3333334,-1.0,0.0,0.0,1.0,2.0,0.8,2.0,20328.0
-1.0,1.2857143,-0.6,-0.25,4.0,0.0,-0.17348608,0.17259978,0.0,0.0,0.0,-0.33333334,-1.0,-1.0,-0.5714286,0.0,0.0,-0.75,-1.0,1.0,1.0,0.0,-1.0,0.0,0.0,0.0,0.0,-1.0,0.0,-1.0,0.33333334,-1.0,0.0,-2.0,0.0,0.0,-1.3333334,0.0,-0.33333334,3.0,0.0,0.0,-0.5,-1.0,0.0,1.0,0.0,0.0,0.0,1.0,2.0,2.0,3.0,0.4,1.0,5544.0
-1.0,1.2857143,0.0,-1.1875,6.0,-0.6,0.32733223,-0.46170443,0.0,-1.0,0.0,-0.33333334,-1.0,-2.0,-0.5714286,-3.0,0.0,-0.5,0.0,0.0,0.0,0.0,-2.0,0.0,0.6666667,0.5,1.0,-1.0,0.0,-1.0,0.33333334,6.0,0.0,-1.0,0.0,0.0,-1.0,-0.5,0.6666667,3.0,0.0,1.0,-1.5,-2.0,-1.0,0.0,0.0,-0.6666667,0.0,0.0,0.0,0.0,2.0,0.8,1.0,924.0
-1.0,1.2857143,-0.9,-1.1875,6.0,-0.6,0.32733223,-0.46170443,0.0,-1.0,0.0,-0.33333334,-1.0,-2.0,-0.2857143,-3.0,0.0,-0.5,0.0,0.0,0.0,0.0,-1.0,0.0,-1.3333334,0.5,1.0,-1.0,0.0,-1.0,0.33333334,6.0,0.0,-1.0,0.0,0.0,-1.0,-0.5,0.6666667,3.0,0.0,1.0,-1.5,-2.0,-1.0,0.0,0.0,-0.6666667,0.0,0.0,0.0,0.0,2.0,0.8,1.0,924.0
-1.0,1.2857143,0.7,-0.5,4.0,-0.6,-0.049099836,-0.2416397,0.0,-1.0,0.0,-0.33333334,-0.33333334,0.0,-0.2857143,0.0,0.0,0.0,0.0,0.0,1.0,0.0,0.0,-1.0,-1.3333334,-0.5,-0.5,-1.0,0.0,0.0,-0.6666667,0.0,0.0,0.0,0.0,0.0,-1.3333334,0.0,1.0,3.0,0.0,1.0,-0.5,0.0,-1.0,1.0,0.0,0.0,0.0,0.0,1.0,0.0,1.0,0.0,1.0,5808.0
-1.0,1.2857143,0.7,0.5,4.0,-0.6,1.0638298,0.4142395,0.0,-1.0,0.0,-0.33333334,-0.33333334,-2.0,-0.5714286,-2.0,0.0,0.75,0.0,0.0,0.0,2.0,0.0,-1.0,-1.3333334,0.0,0.0,-1.0,0.0,0.0,-0.33333334,0.0,0.0,0.0,0.0,0.0,-1.3333334,0.0,1.0,3.0,0.0,1.0,-1.0,0.0,-1.0,1.0,0.0,0.0,0.0,0.0,1.0,0.0,1.0,0.0,0.0,8448.0
-1.0,1.2857143,0.0,-1.0,6.0,-0.6,0.32733223,-0.25026968,0.0,-1.0,0.0,-0.33333334,-1.0,-2.0,-0.5714286,-3.0,0.0,-0.5,0.0,0.0,0.0,0.0,-1.0,0.0,-1.3333334,0.5,1.0,-1.0,0.0,-1.0,0.33333334,6.0,0.0,-1.0,0.0,0.0,-1.3333334,-0.5,1.0,3.0,0.0,1.0,-1.5,-2.0,-1.0,0.0,0.0,-0.6666667,-1.0,0.0,1.0,0.0,2.0,0.8,1.0,2310.0
0.0,0.0,0.0,0.25,0.0,-0.6,0.7790507,-0.2416397,0.6666667,0.0,1.0,-0.33333334,0.6666667,0.0,-0.2857143,1.0,0.0,0.75,0.0,1.1647941,1.0,0.0,0.0,0.0,0.6666667,0.5,0.5,0.0,2.0,0.0,-0.6666667,0.0,0.0,2.0,2.0,0.0,0.0,-0.5,1.0,1.0,0.0,1.0,0.5,0.0,0.0,0.0,0.0,0.0,-1.0,0.5,0.0,1.0,0.0,0.8,0.0,4752.0
-3.0,0.85714287,0.3,-0.5,0.0,0.4,-0.26841244,-0.34519956,2.6666667,0.0,1.0,-0.33333334,-0.33333334,0.0,-0.5714286,1.0,0.0,-0.75,-1.0,0.8314608,1.0,2.0,0.0,0.0,-0.6666667,1.5,1.0,-1.0,0.0,0.0,-1.0,0.0,0.0,-1.0,0.0,0.0,0.0,-0.5,0.0,0.0,0.0,0.0,0.0,0.0,0.0,0.0,0.0,0.0,0.0,-0.5,0.0,-1.0,0.0,-0.4,1.0,1408.0
-3.0,0.85714287,0.3,-0.75,0.0,0.4,-0.28150573,-0.34519956,0.6666667,-3.0,0.0,-0.33333334,-0.33333334,-2.0,0.0,0.0,0.0,0.0,0.0,1.0,0.0,0.0,-2.0,0.0,-0.6666667,0.0,-0.5,-1.0,0.0,-1.0,0.0,0.0,0.0,-1.0,0.0,0.0,0.0,0.5,0.0,0.0,0.0,0.0,-0.5,-2.0,0.0,-0.49438217,0.0,0.6666667,0.0,1.0,1.0,-1.0,0.0,-0.4,1.0,3168.0
0.0,0.0,-0.5,-0.25,0.0,0.4,0.0,-0.34519956,1.3333334,-1.0,0.0,-0.33333334,-0.6666667,-2.0,-0.2857143,-3.0,0.0,-1.5,0.0,0.8314608,-0.1685393,1.0,0.0,0.0,0.0,1.5,0.0,0.0,1.0,-1.0,-1.0,0.0,2.0,-1.0,0.0,0.0,0.0,-0.5,0.33333334,1.0,0.0,1.0,-1.0,0.0,0.0,0.0,0.0,0.0,-1.0,1.0,0.0,-1.0,0.0,0.4,0.0,1584.0
-1.0,1.2857143,0.7,0.75,4.0,-0.6,1.4566284,0.5523193,0.6666667,-1.0,0.0,-0.33333334,-0.33333334,-2.0,-0.5714286,0.0,-1.0,0.75,0.0,0.0,0.0,2.0,0.0,-1.0,-1.3333334,0.5,0.5,-1.0,0.0,0.0,-0.33333334,0.0,0.0,0.0,0.0,0.0,-1.0,0.0,1.0,3.0,0.0,1.0,-0.5,0.0,-1.0,3.0000005,0.0,0.0,0.0,0.0,1.0,0.0,1.0,0.0,1.0,8448.0
-1.0,-0.14285715,-0.6,-0.5,0.0,0.4,-0.17021276,-0.13807982,-0.6666667,-1.0,0.0,0.0,-0.6666667,0.0,-0.5714286,0.0,0.0,0.0,-1.0,0.0,-0.3333333,0.0,-1.0,-1.0,0.0,-0.5,-0.5,2.0,3.0,0.0,-0.33333334,0.0,0.0,-2.0,0.0,0.0,-1.3333334,0.0,-1.0,1.0,0.0,0.0,0.0,-2.0,0.0,-0.49438217,0.0,-1.3333334,0.0,1.0,3.0,1.0,1.0,0.8,1.0,2112.0
0.0,-0.14285715,-0.5,0.0,0.0,0.4,-0.1898527,-0.37971953,0.6666667,-1.0,0.0,0.0,0.33333334,0.0,-0.5714286,0.0,0.0,-0.25,0.0,0.8314608,0.0,1.0,0.0,0.0,-0.6666667,0.5,0.5,1.0,1.0,0.0,-1.3333334,0.0,0.0,0.0,1.0,0.0,0.0,-0.5,1.3333334,1.0,0.0,1.0,0.5,0.0,0.0,0.0,0.0,-1.3333334,-1.0,-0.5,0.0,-1.0,0.0,-0.4,0.0,1056.0
0.0,0.0,0.0,2.5,0.0,0.0,-0.22585924,1.0010787,-0.6666667,-1.0,2.0,0.0,-0.33333334,0.0,-0.2857143,1.0,-1.0,0.0,-1.0,0.8314608,0.0,0.0,0.0,-1.0,-1.3333334,-0.5,-0.5,-1.0,0.0,-1.0,-0.33333334,0.0,1.0,-1.0,0.0,0.0,0.0,-0.5,1.3333334,1.0,1.0,0.0,-0.5,0.0,0.0,0.505618,0.0,0.6666667,0.0,0.0,0.0,0.0,0.0,0.8,0.0,6336.0
0.0,0.0,-0.8,-0.75,0.0,-0.4,-0.25531915,-0.4832794,0.6666667,-1.0,0.0,-0.33333334,0.0,-2.0,-0.2857143,-1.0,0.0,-1.25,-1.0,0.8314608,-0.1685393,1.0,0.0,-1.0,0.6666667,-0.5,1.5,-1.0,1.0,-2.0,-1.3333334,0.0,0.0,-1.0,2.0,0.0,-0.6666667,-0.5,5.3333335,1.0,0.0,0.0,-1.0,0.0,0.0,0.0,0.0,-1.3333334,-1.0,0.0,0.0,0.0,3.0,0.8,1.0,528.0
-1.0,1.2857143,-0.6,0.25,0.0,0.0,-0.2782324,0.6903991,-2.0,-3.0,0.0,-0.33333334,-0.6666667,0.0,0.0,0.0,0.0,-0.75,-1.0,1.1647941,1.164794,0.0,0.0,0.0,0.0,-0.5,0.0,-1.0,0.0,0.0,2.3333333,0.0,2.0,0.0,0.0,0.0,-0.33333334,0.5,1.0,3.0,0.0,1.0,-0.5,-2.0,0.0,-0.49438217,0.0,0.6666667,0.0,1.0,0.0,-1.0,0.0,0.0,1.0,8448.0
-3.0,0.2857143,0.3,0.0,0.0,0.2,-0.08183306,-0.034519956,2.6666667,-3.0,0.0,-0.33333334,0.0,0.0,-0.5714286,0.0,-1.0,-0.25,0.0,0.8314608,0.8314608,0.0,-1.0,0.0,-0.6666667,0.0,0.0,-1.0,0.0,0.0,-0.6666667,0.0,0.0,0.0,2.0,0.0,0.0,-0.5,-2.0,-1.0,0.0,1.0,-1.0,0.0,0.0,3.0000005,0.0,0.0,0.0,0.0,1.0,0.0,0.0,0.0,0.0,4224.0
-2.0,0.14285715,0.4,0.25,0.0,0.4,0.60556465,1.7259978,0.0,1.0,1.0,0.33333334,-0.33333334,0.0,-0.2857143,-2.0,0.0,-0.5,-1.0,1.0,-0.1685393,0.0,-1.0,0.0,0.6666667,0.0,1.0,-1.0,0.0,0.0,2.0,0.0,0.0,1.0,0.0,0.0,0.0,0.5,1.6666666,0.0,0.0,0.0,-1.5,0.0,0.0,-0.49438217,0.0,0.0,0.0,1.0,2.0,2.0,3.0,0.8,1.0,17424.0
0.0,0.0,-0.5,1.75,0.0,0.4,-0.2651391,2.347357,-0.6666667,0.0,0.0,0.0,-1.0,-1.0,-0.5714286,0.0,0.0,-0.5,-1.0,1.0,-0.1685393,1.0,0.0,-1.0,-1.3333334,0.5,0.5,0.0,1.0,0.0,1.6666666,0.0,4.0,0.0,0.0,1.0,0.0,0.5,0.33333334,-1.0,1.0,0.0,0.5,-2.0,0.0,0.0,0.0,0.0,-0.6666667,1.0,1.0,-1.0,0.0,0.4,1.0,22176.0
0.0,0.0,-0.5,-0.5,0.0,0.0,-0.18003273,0.22437972,0.0,0.0,0.0,0.0,-0.6666667,-1.0,-0.5714286,0.0,0.0,-0.5,-1.0,1.0,-0.1685393,0.0,0.0,-1.0,-0.6666667,0.5,0.5,0.0,1.0,0.0,1.6666666,0.0,2.0,-1.0,0.0,0.0,0.0,0.5,0.33333334,-1.0,0.0,0.0,0.5,-2.0,0.0,0.0,0.0,0.0,-0.6666667,1.0,0.0,0.0,0.0,0.0,0.0,7920.0
0.0,0.5714286,-0.6,1.25,2.0,-0.6,0.507365,2.8996763,0.0,-1.0,1.0,0.6666667,-0.6666667,-1.0,0.2857143,0.0,0.0,0.25,-1.0,0.0,1.0,0.0,0.0,0.0,0.6666667,0.5,0.5,0.0,1.0,0.0,1.6666666,0.0,2.0,1.0,0.0,1.0,-0.6666667,0.5,1.0,3.0,0.0,1.0,-0.5,0.0,0.0,-0.49438217,0.0,0.6666667,0.0,0.0,1.0,0.0,0.0,-0.4,1.0,28160.0
0.0,0.0,-0.6,-0.5,0.0,0.0,-0.21276596,-0.18985976,0.0,0.0,0.0,0.33333334,-0.33333334,-1.0,-0.2857143,0.0,0.0,-0.25,0.0,1.0,0.0,0.0,0.0,-1.0,0.0,0.5,0.0,0.0,1.0,0.0,0.0,0.0,1.0,0.0,2.0,1.0,0.0,-0.5,0.33333334,-1.0,0.0,0.0,0.5,-2.0,-1.0,0.0,0.0,0.0,-0.6666667,0.0,0.0,0.0,0.0,0.4,1.0,3696.0
-1.0,-0.14285715,-0.6,0.25,0.0,0.4,-0.17021276,0.06903991,-0.6666667,-1.0,0.0,0.0,-0.6666667,0.0,-0.5714286,0.0,-1.0,-1.0,-1.0,0.0,-0.3333333,0.0,-1.0,0.0,0.0,-0.5,-0.5,2.0,3.0,0.0,-0.6666667,0.0,0.0,-2.0,0.0,0.0,-1.3333334,0.0,-2.0,0.0,1.0,0.0,-1.0,0.0,0.0,-0.49438217,0.0,-1.3333334,0.0,1.0,3.0,1.0,1.0,0.8,0.0,3168.0
-1.0,1.2857143,0.0,-1.0,6.0,-0.6,0.32733223,-0.18985976,0.0,-1.0,0.0,-0.33333334,-1.3333334,-2.0,-0.5714286,-3.0,0.0,-0.25,0.0,0.0,0.0,0.0,-1.0,0.0,-1.3333334,0.5,1.0,-1.0,0.0,0.0,0.33333334,6.0,0.0,-1.0,0.0,0.0,-1.0,-0.5,1.0,3.0,0.0,1.0,-1.5,-2.0,-1.0,0.0,0.0,-0.6666667,0.0,0.0,0.0,0.0,2.0,0.8,1.0,3696.0
-1.0,1.2857143,0.0,-0.5,0.0,-0.6,0.9328969,1.7777778,-0.6666667,-2.0,0.0,-0.33333334,-1.0,-2.0,-0.5714286,-2.0,0.0,-1.0,0.0,0.0,-0.1685393,0.0,0.0,0.0,0.0,0.0,0.5,-1.0,0.0,0.0,6.6666665,0.0,0.0,0.0,0.0,0.0,-1.0,-0.5,1.0,3.0,0.0,1.0,0.5,-1.0,-1.0,0.0,0.0,0.0,0.0,0.5,0.0,1.0,1.0,0.0,1.0,15840.0
0.0,0.42857143,0.4,1.0,0.0,-0.6,2.3076923,4.729234,0.6666667,0.0,2.0,-0.33333334,0.0,-1.0,0.2857143,1.0,-1.0,0.5,-1.0,0.6666667,-0.1685393,0.0,-2.0,0.0,0.0,0.5,0.5,0.0,1.0,-1.0,4.3333335,0.0,0.0,-1.0,0.0,0.0,-1.0,-0.5,1.0,3.0,1.0,1.0,0.5,-2.0,0.0,-0.49438217,0.0,0.0,-1.0,0.5,0.0,2.0,-1.0,0.4,0.0,44880.0
0.0,0.0,0.2,0.25,0.0,-0.6,0.16366611,1.9331176,-1.3333334,0.0,1.0,-0.33333334,0.33333334,-1.0,0.0,0.0,0.0,0.5,0.0,1.0,0.16479398,1.0,0.0,0.0,0.0,0.0,0.0,0.0,1.0,0.0,2.3333333,0.0,0.0,0.0,0.0,1.0,-1.3333334,-0.5,1.0,3.0,0.0,1.0,0.0,-2.0,0.0,0.0,0.0,0.0,0.0,0.0,0.0,0.0,1.0,0.4,0.0,33792.0
0.0,-0.14285715,0.4,0.75,0.0,0.4,0.47463176,1.656958,0.0,-1.0,0.0,-0.33333334,-0.33333334,-2.0,-0.5714286,0.0,-1.0,-0.75,-1.0,0.0,0.6666667,0.0,-2.0,0.0,0.6666667,-0.5,-0.5,0.0,1.0,-1.0,1.0,0.0,1.0,-1.0,0.0,0.0,0.0,0.5,-0.33333334,-1.0,0.0,0.0,-0.5,-1.0,0.0,0.0,0.0,0.6666667,0.0,0.5,0.0,0.0,0.0,0.8,0.0,18304.0
0.0,-0.14285715,0.4,1.75,0.0,0.4,0.072013095,1.9331176,-1.3333334,-1.0,0.0,-0.33333334,-0.33333334,-1.0,0.5714286,0.0,0.0,-0.75,0.0,1.0,-0.3333333,0.0,0.0,0.0,-0.6666667,-0.5,-0.5,1.0,2.0,0.0,0.33333334,0.0,2.0,1.0,0.0,0.0,0.0,0.5,-0.33333334,-1.0,0.0,0.0,-1.0,0.0,0.0,-0.49438217,0.0,0.6666667,0.0,1.0,0.0,-1.0,-1.0,0.4,0.0,9504.0
0.0,0.0,-0.8,-0.75,0.0,0.4,-0.09165303,-0.46170443,0.6666667,-1.0,2.0,0.6666667,0.0,-2.0,0.0,-1.0,-1.0,-0.75,1.0,0.0,0.8314608,1.0,0.0,-1.0,-0.6666667,-0.5,-0.5,0.0,0.0,0.0,-1.0,-1.0,0.0,-1.0,1.0,0.0,-1.3333334,-0.5,1.3333334,1.0,0.0,0.0,0.5,0.0,0.0,3.0000005,0.0,-1.3333334,-1.0,1.0,0.0,0.0,1.0,0.8,0.0,577.5
0.0,0.14285715,0.6,-0.5,0.0,0.4,-0.21603929,-0.034519956,2.0,0.0,1.0,0.0,0.0,-1.0,0.0,-3.0,0.0,-0.25,-1.0,0.0,0.0,0.0,0.0,0.0,0.6666667,-0.5,-0.5,0.0,1.0,-1.0,0.0,0.0,0.0,1.0,2.0,0.0,-0.33333334,0.5,3.0,-1.0,1.0,0.0,0.5,0.0,0.0,1.0,1.0,-0.6666667,-0.33333334,1.0,1.0,2.0,1.0,0.0,0.0,4400.0
0.0,0.14285715,0.4,0.25,0.0,0.4,0.02618658,0.27615964,0.0,0.0,1.0,-0.33333334,0.0,-1.0,1.1428572,-3.0,0.0,-0.75,-1.0,0.0,1.0,1.0,-2.0,0.0,0.6666667,-0.5,0.0,1.0,1.0,0.0,0.0,0.0,0.0,1.0,1.0,0.0,-0.6666667,0.5,-1.3333334,1.0,0.0,0.0,-1.5,0.0,0.0,1.0,1.0,-0.6666667,-0.6666667,-0.5,3.0,2.0,0.0,-0.4,0.0,8448.0
2.0,1.4285715,-0.9,-0.25,0.0,0.2,1.2274959,-0.27615964,0.0,0.0,0.0,-0.33333334,-0.6666667,0.0,-0.2857143,-3.0,0.0,-0.75,-1.0,0.0,0.6666667,1.0,0.0,0.0,-1.3333334,-0.5,-0.5,-1.0,2.0,0.0,-1.0,0.0,4.0,-1.0,0.0,0.0,-0.6666667,0.5,-2.0,-1.0,0.0,0.0,0.0,0.0,0.0,-0.49438217,0.0,0.6666667,0.0,0.5,3.0,0.0,3.0,0.0,1.0,1760.0
2.0,1.4285715,0.4,-0.25,0.0,0.2,0.83469725,0.0,0.0,-1.0,0.0,-0.33333334,0.6666667,0.0,0.5714286,-3.0,0.0,-0.25,0.0,0.0,0.49812734,1.0,-2.0,-1.0,-1.3333334,1.5,0.5,0.0,1.0,0.0,-0.33333334,0.0,0.0,-1.0,1.0,0.0,-0.33333334,-0.5,-2.0,-1.0,0.0,0.0,0.5,0.0,0.0,-0.49438217,0.0,0.6666667,-1.0,0.0,2.0,0.0,2.0,0.0,1.0,2816.0
-4.0,0.0,-0.9,-0.25,0.0,0.2,-0.25204584,-0.2416397,0.0,-1.0,0.0,0.6666667,0.33333334,-1.0,0.2857143,0.0,0.0,1.0,-1.0,1.0,0.0,0.0,0.0,0.0,0.6666667,1.0,-0.5,-1.0,0.0,0.0,-0.33333334,-2.0,0.0,-2.0,0.0,0.0,-0.33333334,2.5,3.3333333,0.0,0.0,0.0,0.0,-1.0,0.0,-0.49438217,0.0,0.6666667,-1.0,-0.5,0.0,0.0,0.0,-0.4,1.0,4752.0
-4.0,0.0,-0.9,-0.25,0.0,0.2,-0.016366612,-0.20711975,0.0,0.0,1.0,0.0,0.33333334,0.0,-0.5714286,1.0,0.0,-0.25,0.0,0.0,0.49812734,2.0,-2.0,0.0,-1.3333334,0.5,0.5,0.0,1.0,0.0,-0.6666667,0.0,0.0,0.0,2.0,0.0,-0.33333334,-0.5,-2.0,0.0,0.0,1.0,0.0,0.0,0.0,0.0,0.0,-0.6666667,0.0,1.0,1.0,0.0,1.0,0.0,0.0,2640.0
2.0,1.4285715,0.0,-0.25,2.0,0.0,0.22913256,-0.13807982,0.0,0.0,2.0,0.0,0.33333334,0.0,0.5714286,0.0,0.0,0.5,0.0,1.0,1.0,2.0,-1.0,0.0,-1.3333334,-0.5,-0.5,0.0,1.0,0.0,1.0,-2.0,4.0,0.0,3.0,0.0,0.0,0.5,0.0,0.0,0.0,1.0,0.5,0.0,0.0,1.0,1.5,-1.3333334,-1.0,0.0,0.0,-1.0,0.0,0.0,0.0,2640.0
2.0,1.4285715,-0.8,0.5,2.0,0.0,0.3764321,-0.25026968,0.0,0.0,2.0,-0.33333334,0.33333334,0.0,0.5714286,-2.0,0.0,0.0,1.0,0.16479398,1.0,0.0,0.0,0.0,0.0,-0.5,-0.5,0.0,1.0,0.0,-1.3333334,2.0,0.0,-1.0,1.0,0.0,0.0,0.5,0.0,0.0,0.0,0.0,0.0,0.0,0.0,3.5056183,0.0,-1.3333334,0.0,0.0,0.0,-1.0,0.0,0.0,0.0,2200.0
0.0,1.4285715,0.0,1.75,2.0,0.4,1.98036,0.27615964,0.6666667,0.0,2.0,0.6666667,0.33333334,0.0,0.5714286,-1.0,0.0,2.0,-1.0,1.0,1.0,1.0,-2.0,0.0,0.6666667,-0.5,-0.5,-1.0,0.0,-1.0,-1.0,0.0,2.0,-1.0,1.0,0.0,-0.6666667,0.5,0.0,0.0,2.0,0.0,0.0,0.0,0.0,4.0000005,1.5,0.0,0.0,0.0,0.0,-1.0,0.0,-0.4,1.0,12672.0
0.0,1.4285715,-0.8,-0.75,2.0,0.0,0.14729951,-0.5177994,0.0,0.0,2.0,0.6666667,0.6666667,0.0,2.0,0.0,0.0,0.5,0.0,0.0,-0.1685393,2.0,0.0,-1.0,-1.3333334,-0.5,-0.5,0.0,1.0,0.0,-1.3333334,0.0,0.0,0.0,3.0,0.0,0.0,0.5,0.0,0.0,0.0,0.0,0.5,0.0,0.0,1.0,0.0,-0.6666667,-1.0,1.0,0.0,0.0,0.0,-0.4,2.0,792.0
0.0,1.4285715,-0.8,1.75,0.0,0.4,0.5400982,-0.034519956,0.0,0.0,2.0,0.6666667,-0.33333334,0.0,0.5714286,-1.0,0.0,0.5,0.0,1.0,0.16479398,1.0,-1.0,0.0,0.6666667,-0.5,-0.5,0.0,0.0,-1.0,-1.3333334,2.0,0.0,0.0,1.0,0.0,0.0,0.5,0.0,0.0,3.0,0.0,0.0,0.0,0.0,0.0,1.5,-1.3333334,0.0,-0.5,0.0,0.0,0.0,0.4,1.0,10560.0
-2.0,0.14285715,0.3,0.25,0.0,0.2,-0.24549918,-0.034519956,0.0,-2.0,1.0,-0.33333334,0.0,0.0,-0.2857143,0.0,0.0,0.0,-1.0,0.0,0.0,0.0,-2.0,0.0,0.6666667,0.5,0.5,0.0,1.0,0.0,0.0,0.0,0.0,-1.0,1.0,1.0,-1.6666666,0.5,3.6666667,-1.0,1.0,1.0,0.5,-2.0,-1.0,2.5056183,0.5,0.6666667,0.0,0.5,0.0,-1.0,0.0,-0.4,0.0,3520.0
-2.0,0.14285715,0.3,0.0,0.0,0.4,-0.27168575,-0.37971953,1.3333334,1.0,1.0,0.6666667,0.33333334,0.0,-0.2857143,1.0,0.0,1.0,0.0,1.1647941,1.164794,1.0,-1.0,0.0,0.0,-0.5,0.0,0.0,1.0,0.0,-1.0,0.0,0.0,0.0,2.0,2.0,0.0,1.0,0.0,0.0,0.0,0.0,0.0,0.0,0.0,1.0,0.0,0.6666667,0.0,-0.5,1.0,1.0,2.0,0.0,3.0,4224.0
-2.0,0.0,0.3,-0.5,0.0,0.4,-0.28150573,0.017259978,2.0,1.0,1.0,0.0,0.33333334,0.0,0.0,1.0,0.0,1.25,0.0,0.0,0.0,0.0,0.0,-1.0,0.0,-0.5,-0.5,-1.0,0.0,0.0,0.6666667,0.0,0.0,-1.0,0.0,1.0,0.0,-0.5,0.0,0.0,0.0,0.0,0.5,-1.0,0.0,0.0,0.0,0.6666667,-1.0,-0.5,0.0,-1.0,0.0,-0.4,0.0,1936.0
-2.0,0.0,0.3,-0.5,0.0,0.0,-0.24549918,-0.34519956,0.0,1.0,0.0,-0.33333334,0.33333334,-2.0,-0.2857143,1.0,0.0,0.75,-1.0,1.1647941,1.0,0.0,0.0,0.0,0.0,-0.5,-0.5,0.0,0.0,0.0,-0.33333334,0.0,0.0,2.0,2.0,0.0,0.0,-0.5,0.0,0.0,0.0,0.0,0.5,0.0,0.0,0.0,0.0,0.6666667,0.0,0.0,0.0,2.0,0.0,0.8,0.0,2112.0
3.0,0.0,0.3,1.0,0.0,0.0,-0.22913256,-0.028047465,0.0,-1.0,0.0,0.6666667,0.0,0.0,0.0,0.0,-1.0,-0.25,-1.0,0.0,0.0,0.0,0.0,0.0,-1.3333334,-0.5,-0.5,-1.0,0.0,0.0,-1.0,1.0,2.0,-1.0,0.0,0.0,0.0,-0.5,0.0,0.0,0.0,0.0,0.5,0.0,0.0,0.505618,0.0,-1.3333334,-0.6666667,0.0,0.0,2.0,0.0,0.0,0.0,3861.0
0.0,1.0,-0.6,-0.25,6.0,-0.6,5.2536826,5.661273,0.0,1.0,0.0,-0.33333334,-1.0,-2.0,0.0,0.0,0.0,1.25,0.0,1.0,0.6666667,0.0,-2.0,0.0,0.6666667,1.0,1.5,0.0,1.0,0.0,13.333333,0.0,0.0,3.0,0.0,1.0,-2.0,0.0,1.0,3.0,3.0,1.0,0.5,0.0,-1.0,1.0,0.5,0.6666667,0.0,1.0,0.0,0.0,0.0,-0.4,1.0,79200.0
0.0,0.0,-0.5,0.25,0.0,0.4,0.24549918,0.17259978,2.0,0.0,0.0,0.6666667,0.6666667,0.0,0.5714286,1.0,-1.0,2.0,0.0,1.1647941,-0.1685393,1.0,0.0,-1.0,0.0,-0.5,-0.5,0.0,0.0,-1.0,0.33333334,0.0,0.0,1.0,0.0,0.0,0.0,-0.5,-2.0,0.0,0.0,1.0,-1.0,0.0,0.0,3.5056183,1.5,-1.3333334,-1.0,-0.5,0.0,-1.0,-1.0,0.4,0.0,7392.0
0.0,-0.14285715,0.5,-1.0,0.0,0.0,-0.19639935,-0.4142395,-2.0,-1.0,0.0,-0.33333334,-0.6666667,-2.0,-0.2857143,0.0,0.0,-1.0,-1.0,0.0,0.6666667,0.0,0.0,0.0,-0.6666667,0.0,0.0,-1.0,0.0,-1.0,0.0,0.0,1.0,1.0,0.0,0.0,-1.0,0.0,-2.0,-1.0,0.0,1.0,0.0,-1.0,0.0,0.0,0.0,0.6666667,0.0,0.0,1.0,0.0,0.0,0.0,0.0,704.0
0.0,-0.14285715,0.0,-0.25,0.0,-0.6,0.009819968,-0.20711975,-0.6666667,0.0,1.0,0.6666667,0.0,0.0,1.7142857,0.0,0.0,-0.25,0.0,1.1647941,0.6666667,0.0,0.0,-1.0,0.0,0.0,0.0,1.0,2.0,0.0,-0.6666667,0.0,1.0,2.0,2.0,0.0,0.0,0.0,1.0,3.0,0.0,1.0,-1.5,0.0,0.0,0.0,1.5,-1.3333334,-0.33333334,-0.5,1.0,1.0,0.0,0.4,0.0,3520.0
3.0,1.2857143,0.3,0.25,0.0,0.4,-0.20621932,0.06903991,1.3333334,-1.0,0.0,-0.33333334,-0.33333334,-1.0,-0.2857143,0.0,0.0,-0.75,-1.0,0.0,-0.1685393,0.0,0.0,0.0,0.0,-0.5,-0.5,-1.0,0.0,-1.0,-0.6666667,0.0,0.0,-1.0,0.0,0.0,-0.33333334,0.0,4.0,1.0,0.0,0.0,-1.0,-1.0,-2.0,0.0,0.0,0.0,0.0,0.0,0.0,1.0,0.0,-0.4,0.0,2904.0
0.0,-0.14285715,0.0,-0.5,0.0,-0.6,-0.022913257,-0.13807982,1.3333334,0.0,0.0,0.6666667,0.0,0.0,0.5714286,0.0,0.0,0.5,-1.0,1.0,-0.1685393,0.0,-1.0,0.0,0.0,-0.5,-0.5,2.0,3.0,-1.0,0.0,0.0,0.0,-1.0,0.0,2.0,-0.6666667,0.5,-2.0,-1.0,0.0,1.0,0.5,0.0,0.0,0.0,0.0,-0.6666667,-1.0,1.0,1.0,0.0,0.0,0.8,0.0,704.0
0.0,-0.14285715,0.0,-1.0,0.0,0.2,-0.1898527,-0.50053936,2.6666667,0.0,0.0,0.6666667,0.33333334,0.0,0.2857143,0.0,-1.0,0.0,-1.0,0.0,0.0,2.0,-1.0,0.0,-0.6666667,0.0,0.0,-1.0,0.0,-1.0,-1.0,0.0,2.0,-2.0,0.0,0.0,-0.6666667,-0.5,-2.0,-1.0,0.0,0.0,0.0,0.0,0.0,2.5056183,0.0,0.6666667,-1.0,-0.5,1.0,0.0,0.0,0.0,0.0,528.0
0.0,0.0,0.3,-0.5,2.0,0.0,-0.23895253,-0.29341963,0.0,-1.0,0.0,0.0,-0.6666667,-1.0,-0.5714286,0.0,0.0,-0.5,-1.0,1.0,-0.1685393,1.0,0.0,-1.0,0.0,0.5,0.5,-1.0,1.0,0.0,-0.6666667,0.0,0.0,0.0,0.0,1.0,-0.33333334,0.5,0.0,0.0,1.0,0.0,0.5,-2.0,0.0,0.0,0.0,0.0,-1.0,1.0,1.0,0.0,0.0,0.8,1.0,1760.0
-2.0,0.2857143,0.3,0.25,0.0,0.2,-0.08183306,0.27615964,2.6666667,-3.0,0.0,-0.33333334,0.0,0.0,-0.2857143,0.0,0.0,0.25,-1.0,0.0,0.6666667,0.0,0.0,0.0,0.6666667,0.0,0.0,-1.0,0.0,0.0,0.0,0.0,1.0,0.0,2.0,0.0,0.0,-0.5,-2.0,-1.0,0.0,0.0,0.5,0.0,0.0,0.0,1.5,0.0,0.0,0.0,1.0,0.0,0.0,0.4,0.0,5632.0
0.0,0.0,-0.7,1.0,0.0,-0.8,1.1620295,1.1952535,0.0,-3.0,0.0,0.6666667,0.33333334,0.0,0.0,0.0,-1.0,0.5,0.0,0.0,1.0,0.0,0.0,-1.0,-0.6666667,1.5,0.0,0.0,1.0,0.0,0.0,1.0,0.0,2.0,1.0,0.0,0.0,-0.5,0.0,0.0,0.0,0.0,0.5,0.0,0.0,3.0000005,1.5,-0.6666667,0.0,-0.5,0.0,0.0,-1.0,0.0,0.0,14850.0
0.0,0.0,-0.7,1.0,0.0,-0.8,1.1620295,1.5447681,0.0,-3.0,0.0,0.6666667,0.33333334,0.0,0.0,0.0,-1.0,0.5,0.0,0.0,1.0,0.0,0.0,-1.0,-0.6666667,1.5,0.0,0.0,1.0,0.0,0.6666667,1.0,1.0,2.0,1.0,0.0,0.0,-0.5,0.0,0.0,0.0,0.0,0.5,0.0,0.0,3.0000005,1.5,-0.6666667,0.0,-0.5,0.0,0.0,-1.0,0.0,0.0,17820.0
0.0,-0.14285715,-0.7,1.0,0.0,-0.8,1.8166939,0.49622437,-0.6666667,-3.0,0.0,0.6666667,0.6666667,0.0,0.2857143,0.0,-1.0,0.0,-1.0,0.0,-0.3333333,0.0,0.0,0.0,0.0,-0.5,-0.5,0.0,1.0,0.0,-0.6666667,1.0,0.0,0.0,1.0,0.0,0.0,0.5,0.0,0.0,0.0,0.0,0.0,0.0,0.0,3.0000005,1.5,-0.6666667,0.0,-0.5,0.0,0.0,-1.0,0.0,0.0,5346.0
0.0,-0.14285715,-0.7,1.0,0.0,-0.8,1.8166939,1.5447681,-0.6666667,-3.0,0.0,0.6666667,0.6666667,0.0,0.2857143,0.0,-1.0,0.0,-1.0,0.0,-0.3333333,0.0,0.0,0.0,0.0,-0.5,-0.5,0.0,1.0,0.0,0.33333334,1.0,2.0,0.0,1.0,0.0,0.0,0.5,0.0,0.0,0.0,0.0,-0.5,0.0,0.0,3.0000005,1.5,-0.6666667,0.0,-0.5,0.0,0.0,-1.0,0.0,0.0,10692.0
0.0,0.0,-0.7,1.75,0.0,-0.8,1.1620295,1.5447681,-0.6666667,-1.0,0.0,0.6666667,0.33333334,-1.0,0.2857143,0.0,-1.0,0.0,0.0,0.0,1.0,0.0,0.0,-1.0,-0.6666667,0.0,0.0,0.0,1.0,0.0,0.33333334,1.0,2.0,2.0,1.0,0.0,0.0,-0.5,0.0,0.0,0.0,0.0,0.5,0.0,0.0,3.0000005,1.5,-0.6666667,0.0,-0.5,0.0,0.0,0.0,0.0,0.0,10692.0
0.0,-0.14285715,-0.7,1.0,0.0,-0.8,2.1440263,1.0204962,-0.6666667,-3.0,0.0,0.6666667,0.6666667,0.0,0.2857143,0.0,-1.0,0.0,-1.0,0.0,-0.3333333,0.0,0.0,0.0,0.0,-0.5,-0.5,0.0,1.0,0.0,0.33333334,1.0,2.0,0.0,1.0,0.0,0.0,0.5,0.0,0.0,0.0,0.0,0.0,0.0,0.0,3.0000005,1.5,-0.6666667,0.0,-0.5,0.0,0.0,-1.0,0.0,0.0,8019.0
0.0,0.0,-0.7,1.75,0.0,-0.8,1.1620295,2.2437973,0.0,-3.0,0.0,0.6666667,0.6666667,0.0,0.0,0.0,-1.0,0.0,-1.0,0.0,-0.3333333,0.0,0.0,0.0,-0.6666667,-0.5,0.0,0.0,1.0,0.0,0.6666667,1.0,1.0,0.0,1.0,0.0,0.0,-0.5,0.0,0.0,0.0,0.0,0.0,0.0,0.0,3.0000005,1.5,-0.6666667,0.0,-0.5,0.0,0.0,-1.0,0.0,0.0,10692.0
0.0,-0.14285715,-0.7,1.0,0.0,-0.8,1.8166939,1.0204962,-0.6666667,-3.0,0.0,0.6666667,0.6666667,0.0,0.2857143,0.0,-1.0,0.0,-1.0,0.0,0.0,0.0,0.0,0.0,0.0,-0.5,-0.5,0.0,1.0,0.0,0.33333334,1.0,2.0,0.0,1.0,0.0,0.0,0.5,0.0,0.0,0.0,0.0,0.0,0.0,0.0,3.0000005,1.5,-0.6666667,0.0,-0.5,0.0,0.0,-1.0,0.0,0.0,10692.0
3.0,1.2857143,0.3,0.0,0.0,0.4,-0.25204584,0.13807982,0.6666667,-1.0,0.0,-0.33333334,-0.33333334,0.0,-0.2857143,1.0,0.0,-0.5,0.0,0.0,0.49812734,0.0,0.0,0.0,0.0,-0.5,0.0,0.0,0.0,0.0,0.33333334,0.0,3.0,0.0,1.0,1.0,-1.3333334,0.0,-1.0,1.0,0.0,0.0,0.5,0.0,0.0,-0.49438217,0.5,0.6666667,0.0,0.5,0.0,0.0,0.0,0.4,2.0,4224.0
0.0,0.71428573,-0.7,0.5,0.0,-0.8,1.3256956,0.26321468,1.3333334,0.0,1.0,0.0,0.33333334,0.0,0.2857143,-2.0,-1.0,1.5,0.0,1.1647941,0.0,0.0,0.0,0.0,-1.3333334,0.0,0.0,0.0,1.0,0.0,0.0,-2.0,0.0,-1.0,0.0,0.0,-1.3333334,0.0,-0.33333334,-1.0,0.0,0.0,0.5,0.0,0.0,3.0000005,1.0,0.6666667,0.0,0.5,0.0,-1.0,2.0,-0.4,0.0,6534.0
0.0,0.0,0.0,-0.5,6.0,-0.6,0.09819967,-0.26105717,0.6666667,0.0,0.0,-0.33333334,-0.33333334,-2.0,0.0,0.0,0.0,0.5,0.0,0.0,1.0,0.0,0.0,0.0,-1.3333334,0.0,0.0,0.0,0.0,-1.0,0.0,1.0,0.0,1.0,0.0,0.0,-0.33333334,0.0,1.0,3.0,0.0,1.0,-1.0,-1.0,-1.0,0.0,0.5,-0.6666667,-0.6666667,0.0,1.0,0.0,0.0,0.4,0.0,3465.0
1.0,1.2857143,0.3,0.75,0.0,0.4,0.2782324,1.2427185,1.3333334,1.0,0.0,-0.33333334,0.33333334,0.0,1.1428572,0.0,0.0,1.25,-1.0,1.1647941,1.0,1.0,-1.0,0.0,0.0,0.5,0.5,2.0,3.0,0.0,1.3333334,0.0,1.0,0.0,2.0,1.0,-1.0,0.5,-0.33333334,1.0,1.0,0.0,-1.0,-1.0,0.0,1.0,1.0,-0.6666667,0.0,-0.5,1.0,0.0,0.0,-0.4,3.0,16016.0
-4.0,-0.14285715,0.3,-0.75,6.0,0.4,-0.09819967,-0.44875944,1.3333334,-1.0,0.0,-0.33333334,0.33333334,-1.0,-0.5714286,-1.0,-1.0,0.75,1.0,1.0,-0.3333333,0.0,-1.0,-1.0,-1.3333334,1.5,0.5,-1.0,0.0,-1.0,-1.0,0.0,0.0,-2.0,3.0,1.0,0.0,0.0,-2.0,-1.0,0.0,1.0,0.5,-1.0,0.0,0.0,1.5,-1.3333334,0.0,1.0,1.0,-1.0,0.0,0.4,1.0,792.0
-1.0,0.14285715,-0.7,0.25,0.0,-0.8,-0.14729951,0.84573895,1.3333334,1.0,1.0,0.6666667,-0.33333334,-1.0,0.5714286,0.0,-1.0,-0.25,-1.0,1.0,-0.1685393,2.0,-1.0,0.0,0.6666667,1.5,1.5,-1.0,1.0,0.0,0.0,4.0,1.0,3.0,2.0,3.0,0.0,-0.5,0.0,0.0,1.0,0.0,0.0,0.0,0.0,3.0000005,1.5,-1.3333334,-1.0,-0.5,0.0,-1.0,-1.0,-0.4,1.0,21384.0
-3.0,0.5714286,0.3,-0.75,0.0,0.0,-0.2749591,-0.4832794,2.6666667,0.0,0.0,-0.33333334,0.6666667,-2.0,-0.5714286,-2.0,0.0,-0.75,-1.0,0.0,-0.1685393,0.0,0.0,0.0,-0.6666667,0.0,0.0,-1.0,1.0,0.0,-1.0,0.0,0.0,-1.0,2.0,0.0,0.0,-0.5,0.0,0.0,0.0,0.0,0.5,0.0,0.0,0.0,0.0,0.6666667,0.0,-0.5,0.0,-1.0,0.0,-0.4,0.0,880.0
1.0,1.2857143,0.3,-0.5,2.0,0.4,-0.09165303,-0.3969795,1.3333334,0.0,0.0,-0.33333334,0.33333334,0.0,-0.5714286,0.0,0.0,-0.25,0.0,0.0,0.8314608,0.0,0.0,0.0,-0.6666667,1.5,1.5,-1.0,0.0,0.0,-1.0,0.0,0.0,0.0,0.0,0.0,0.0,0.5,-2.0,0.0,0.0,0.0,-0.5,0.0,0.0,0.0,0.0,-1.3333334,-1.0,0.0,1.0,-1.0,0.0,0.4,1.0,3168.0
-3.0,0.2857143,-0.6,1.75,0.0,0.4,-0.27168575,0.6903991,0.6666667,1.0,0.0,0.33333334,0.0,-1.0,1.7142857,1.0,0.0,2.25,0.0,0.8314608,0.8314608,0.0,0.0,0.0,0.0,-0.5,-0.5,1.0,2.0,0.0,-0.6666667,0.0,0.0,2.0,3.0,2.0,0.0,0.5,0.33333334,1.0,0.0,1.0,0.5,0.0,0.0,0.0,1.0,0.0,-0.6666667,-0.5,0.0,0.0,0.0,-0.4,0.0,19008.0
